lender_id,lendee_id,amount,loan_id,id,created_at,updated_at,outcome,settled_at,done
0d700a4e-f567-4a2f-ba01-28aaea558e4c,12a12273-b0ff-40bd-8aee-f529be9aa104,2750.0,27fa4612-7c78-459c-b103-fefc97830aca,f8f971a7-bc87-4e04-9109-bc84c16d8e95,2025-02-10T17:22:53Z,2025-03-01T17:22:53Z,paid,2025-03-01T17:22:53Z,True
ab3eb988-55c5-435d-a340-3f22a5b9f040,249ac20b-8d51-4853-8d99-2eaa4aa2bc76,13575.0,3503e3c4-cdff-4385-8f18-c801447c942d,00d16fc3-9092-4cf5-a854-22b1ab550a4e,2025-06-22T14:57:33Z,2025-09-07T14:57:33Z,paid,2025-09-07T14:57:33Z,True
3ecb1724-3567-4a42-a5b1-a1d8882e1734,c9595f8a-1829-4c5b-8f26-21fbff6774e0,6025.0,3da8578a-0d15-40ed-af29-c898d1a7cf24,1db3fa28-4b40-41fb-b068-e437c01603a9,2025-07-03T07:38:53Z,2025-07-28T07:38:53Z,paid,2025-07-28T07:38:53Z,True
4514452c-179b-451b-98d4-28104a53b99d,93713bd7-5cf3-46eb-9b69-0acdcd8a77d0,11525.0,f465613d-0bff-460d-a26d-78cd3b570181,14ffe104-c275-46e6-8665-b7e4c9030c0a,2025-07-25T01:46:55Z,2025-08-21T01:46:55Z,paid,2025-08-21T01:46:55Z,True
3ac1ee31-ad55-4df0-9713-2c987766085d,f75f7e74-aaa2-4706-8acb-4c67a18f91c2,8400.0,9169b0da-4b25-48f1-83f1-cb85dd05d641,ddfb1fe5-0a20-4746-96bc-6e242e508618,2025-06-03T07:50:24Z,2025-07-10T07:50:24Z,paid,2025-07-10T07:50:24Z,True
ca2047eb-2ae5-4415-8521-f85fdb41c34d,574d4fa0-388c-43b9-a9e8-73c4ab17047a,4850.0,50190674-0413-4c6d-8d2d-f8d2e678dc38,b9e568e1-8184-4f40-8c7f-bc5c0462deaf,2025-08-15T15:56:06Z,2025-09-09T15:56:06Z,paid,2025-09-09T15:56:06Z,True
bcf21e0e-c443-4dc8-bc56-af357f0da59e,d493758a-266b-4cde-a0fe-5a3b59ad8baa,3975.0,855720c6-bbff-4fb4-8301-79f8f68e7887,b7f4f6b8-9757-4a0a-bb19-3d241635df66,2025-09-15T21:49:55Z,2025-10-27T21:49:55Z,paid,2025-10-27T21:49:55Z,True
483f4977-a6a8-4ada-9c94-d7f1fb02d2a3,0ee6641c-f075-4fda-89e8-a1e278d2bcd8,9200.0,bb9e4c4a-911c-46c3-9eff-311354d9cacc,c8aaa83a-07c0-49b9-8b0c-47cc1fd4837b,2025-08-15T13:49:02Z,2025-10-18T13:49:02Z,paid,2025-10-18T13:49:02Z,True
403e9807-8c28-4902-bb17-5dbf5b6606b1,7224e63f-c572-4c8d-8c45-673af36ed20a,4375.0,ece7f145-fa26-4d23-9c7c-1c493e6ffd5d,a4024f46-1de5-4bc8-9580-2a44e6ece045,2025-03-13T02:15:50Z,2025-04-07T02:15:50Z,paid,2025-04-07T02:15:50Z,True
19e9dd9b-ce00-4367-bd42-b29ed8958136,8dd0984c-f1d0-41e1-8eca-76c8516a4eb2,13800.0,0ef290e1-9b11-4770-aeed-3d7f9a342a63,5e642da0-1071-41fb-aa8f-1b1f71e3d2e7,2025-04-05T23:15:23Z,2025-05-02T23:15:23Z,paid,2025-05-02T23:15:23Z,True
1a0f013b-840e-4cda-bce3-91a08c03301f,7b711f55-e687-47ac-9f46-2b4af987b265,7650.0,787e12cd-1aee-453a-a58e-922f80d89899,813c1324-9fae-411a-b7ca-c5d43eb8066c,2025-07-01T00:32:19Z,2025-08-23T00:32:19Z,paid,2025-08-23T00:32:19Z,True
31ce66d4-7c14-4fca-a2c6-00b94b772daa,3fa49ff1-4a4a-401e-9ead-96320fd19f57,11100.0,be8a577a-9bef-48b9-b62f-b30cb7d10dae,464761da-c287-4ac7-8a50-ce3d22d59eca,2025-04-19T15:35:16Z,2025-05-05T15:35:16Z,paid,2025-05-05T15:35:16Z,True
7500c925-2219-483e-a378-68c686cfc895,403e9807-8c28-4902-bb17-5dbf5b6606b1,10400.0,c76fd5eb-d64f-4bdd-a57d-d6a761cda810,f676e223-0636-41a2-8d9e-e3cb330f5a30,2025-03-12T08:58:45Z,2025-03-20T08:58:45Z,paid,2025-03-20T08:58:45Z,True
4f028227-0526-4a0d-97c9-409291da72b6,735d398e-be7c-4e43-8b02-b6ef6454d8e7,9425.0,43a9cd58-f904-45c5-972e-fbd50829bfca,4ed78665-b533-4bb1-81f0-83be5ca22158,2025-07-08T20:11:01Z,2025-08-02T20:11:01Z,paid,2025-08-02T20:11:01Z,True
ab3eb988-55c5-435d-a340-3f22a5b9f040,483f4977-a6a8-4ada-9c94-d7f1fb02d2a3,10050.0,cf4e3e40-b2dc-4a00-b1f6-9e371cc1daf6,5be58f3d-4b6e-4d52-9481-69805873b6bf,2025-08-25T07:10:32Z,2025-09-02T07:10:32Z,paid,2025-09-02T07:10:32Z,True
fcf1836e-4bd5-4a9d-990e-83e9ee875fd1,4862e831-6bdc-44fe-b05d-7ee238cb0859,600.0,86789427-bf5a-4ce3-a8d6-bae05b7f7fe5,4f03346b-da35-4a96-86db-2b925f7dada4,2025-06-28T08:26:21Z,2025-09-13T08:26:21Z,paid,2025-09-13T08:26:21Z,True
3fa49ff1-4a4a-401e-9ead-96320fd19f57,0d700a4e-f567-4a2f-ba01-28aaea558e4c,900.0,64c520b4-0e70-42ff-8ae0-8d3bcc41d076,5c44168b-09e3-4581-9b45-a66278de0ec8,2025-02-10T11:40:14Z,2025-04-11T11:40:14Z,defaulted,2025-04-11T11:40:14Z,True
f6153c36-23ba-4236-accc-113b1f544a2f,17b1e6af-a1a7-48d7-867b-93d85df9306f,1825.0,624539ac-9934-4505-85e8-3454502ec17b,f82fc72e-7599-47c5-90d0-e8052aa818d5,2025-06-14T21:21:49Z,2025-08-13T21:21:49Z,defaulted,2025-08-13T21:21:49Z,True
50435fbe-852d-4075-a061-8c2f516c4faa,760fe2b1-0246-43ef-a1b2-8ac99bb84b87,14675.0,d9faac5e-98f6-474c-b6cc-72d352ed819c,78456d88-0af8-4bf3-8b65-4558655ed486,2025-04-17T14:35:03Z,2025-05-05T14:35:03Z,paid,2025-05-05T14:35:03Z,True
c8f45c9a-8946-4999-b4d9-fa35102ff820,ca2047eb-2ae5-4415-8521-f85fdb41c34d,7225.0,fbca07b8-6a0f-4097-9892-8adc26ac5d15,ab108378-e2e8-4396-a634-6337be27c315,2025-05-26T16:50:49Z,2025-06-17T16:50:49Z,paid,2025-06-17T16:50:49Z,True
17b1e6af-a1a7-48d7-867b-93d85df9306f,ad2ad1f9-75bd-4a96-91b8-f0151a12847c,9750.0,27334644-9885-4f55-984e-100d35224af3,f29d325d-4b4a-496f-9075-ec0a40a2e2c4,2025-07-04T04:46:01Z,2025-09-21T04:46:01Z,paid,2025-09-21T04:46:01Z,True
2dddc612-5791-411a-acde-b7dba08f39e4,760fe2b1-0246-43ef-a1b2-8ac99bb84b87,7900.0,6996657e-4b52-4fc5-be28-3978f4d0c6ee,11ee096c-53fb-40d5-a240-6efd717b4bf8,2025-04-07T06:27:09Z,2025-05-18T06:27:09Z,paid,2025-05-18T06:27:09Z,True
c9595f8a-1829-4c5b-8f26-21fbff6774e0,249ac20b-8d51-4853-8d99-2eaa4aa2bc76,5675.0,bb080344-b712-4ae8-b484-a6972c703468,dc382d0c-c307-4aba-8386-74a0ce80f1f2,2025-09-24T10:43:54Z,2025-11-23T10:43:54Z,paid,2025-11-23T10:43:54Z,True
0915b2ce-71e1-4e85-82f4-55b27998c507,7991a3ba-b8e4-4d34-bdc8-8ee291d49fb1,11550.0,b10545af-77ca-4955-9739-33691dd62bcd,e677169f-f2c0-4f41-ab64-bf741d632dae,2025-04-16T09:50:11Z,2025-05-21T09:50:11Z,paid,2025-05-21T09:50:11Z,True
45e13564-6f94-4e32-a2f5-e27f65d836a3,9796d74c-7bd8-4872-90d4-8696315a2bbe,13275.0,e7ac1c7f-d4fd-45cc-b98c-53cb9575669a,cfd4cabb-4ab8-4013-9338-9db2c66eb875,2025-02-04T14:28:17Z,2025-02-06T14:28:17Z,paid,2025-02-06T14:28:17Z,True
ab3eb988-55c5-435d-a340-3f22a5b9f040,7538ef33-3e45-40a3-ac76-3c3f2f55db1a,9100.0,355c92a8-a82e-4b88-a58a-55edc2e9c303,8ab57fa4-b3a0-42aa-843c-414431ae64e8,2025-06-14T19:19:43Z,2025-08-13T19:19:43Z,defaulted,2025-08-13T19:19:43Z,True
15fa366e-3a7a-4db8-bd48-0c57bf11ea11,0915b2ce-71e1-4e85-82f4-55b27998c507,3375.0,f21a9c08-e8a5-4858-b470-a1499a006e99,67bad1d4-2bc5-4c76-b3ab-434a6d7b8688,2025-06-06T13:35:42Z,2025-07-13T13:35:42Z,paid,2025-07-13T13:35:42Z,True
68db6572-b41c-403b-b136-dafa2816f8b1,168a357a-1925-4b4f-b279-a1cf1c5b32d2,14625.0,c7a7f523-f751-44ce-a768-cb209f7cb323,f99c4f63-462e-4dd0-a81a-c48567f8864c,2025-02-03T14:41:22Z,2025-03-29T14:41:22Z,paid,2025-03-29T14:41:22Z,True
7991a3ba-b8e4-4d34-bdc8-8ee291d49fb1,4862e831-6bdc-44fe-b05d-7ee238cb0859,6375.0,f487b99f-fbf7-46b6-8d92-42213e65aac8,4f76ce5f-1faa-4c8c-ae55-f8eef37c5ec6,2025-03-01T11:51:06Z,2025-03-02T11:51:06Z,paid,2025-03-02T11:51:06Z,True
3b477496-77f1-4ee3-9f45-8ab6c647fd7c,4b0a2599-2343-4a9f-bb52-028f2447ea19,14875.0,3ad779a6-2c14-4e86-89f7-6c11a5166e93,cd217214-4b3d-4082-a86a-aed2639769e1,2025-03-24T07:52:36Z,2025-04-26T07:52:36Z,paid,2025-04-26T07:52:36Z,True
937faeed-e255-433c-be7d-352594065d84,72f44b8d-9cc8-47dc-976d-8c239153cd9b,10825.0,8f60dff8-50d6-450f-beb2-466da9cb7e33,a1488fff-54d9-46ba-9c45-5b48b48c435f,2025-06-23T16:05:41Z,2025-09-17T16:05:41Z,paid,2025-09-17T16:05:41Z,True
249ac20b-8d51-4853-8d99-2eaa4aa2bc76,3ac1ee31-ad55-4df0-9713-2c987766085d,7425.0,2e5aeff9-d7be-4aec-8720-f1e1f29246a0,c0e87a0c-f445-44d1-89e1-99f2fee1ff75,2025-06-17T02:22:42Z,2025-06-29T02:22:42Z,paid,2025-06-29T02:22:42Z,True
81bba88e-47e5-4501-a359-48842a4f1ac4,68db6572-b41c-403b-b136-dafa2816f8b1,9325.0,90083c79-a1c3-45ed-9a43-d72ec9fc581e,f63a5f20-aee1-44b9-b799-1e49bf23869d,2025-07-11T06:40:05Z,2025-10-01T06:40:05Z,paid,2025-10-01T06:40:05Z,True
c2a58ebc-9ac2-4e34-8163-ef2da52716fd,825146ee-84cd-48d6-a91e-6ad00548cabd,375.0,af070da5-dd65-4ac7-9576-245d7a109f21,415e2118-261e-4631-8e62-9e720a5a1306,2025-07-28T09:02:09Z,2025-08-26T09:02:09Z,paid,2025-08-26T09:02:09Z,True
0d700a4e-f567-4a2f-ba01-28aaea558e4c,a80d8992-1159-49f4-a9aa-963849b69f37,850.0,2d72da5e-d285-45ab-8c59-6ef864ac8809,07e487df-c79e-4cb5-aa9a-08ba7df71396,2025-08-08T10:38:39Z,2025-09-10T10:38:39Z,defaulted,2025-09-10T10:38:39Z,True
825146ee-84cd-48d6-a91e-6ad00548cabd,a83714f9-a5f6-4b3f-9f1f-cade9c9a0d83,900.0,235022c5-b388-4d4a-84f0-7d5436ce9a74,e7619940-32bc-462d-ad4b-f2be08bad18e,2025-07-25T01:47:02Z,2025-08-15T01:47:02Z,paid,2025-08-15T01:47:02Z,True
a79e08c6-0cd2-4967-98c1-1be002022995,45e13564-6f94-4e32-a2f5-e27f65d836a3,1200.0,3c5718ac-6533-49e2-817c-b62d7bb67342,eac8a79e-701c-44cf-903f-e516d1c4e40e,2025-07-31T03:34:50Z,2025-09-28T03:34:50Z,paid,2025-09-28T03:34:50Z,True
c83d3fd0-03a0-4cd6-9b40-95e3a55b19e4,72f44b8d-9cc8-47dc-976d-8c239153cd9b,13675.0,3df76c52-302e-43f6-b9ad-f48450fecb42,4f47b1ba-a05b-46a7-824f-b27008b891ce,2025-05-18T17:52:10Z,2025-07-18T17:52:10Z,paid,2025-07-18T17:52:10Z,True
21268c48-f35e-4acf-b874-329dd63f3ff8,ca2047eb-2ae5-4415-8521-f85fdb41c34d,8675.0,29a729a7-592a-4c73-83f0-a30b2fabe95b,c571d169-d87e-41d3-a8be-9ddce6fe3e4e,2025-06-26T07:40:16Z,2025-08-27T07:40:16Z,defaulted,2025-08-27T07:40:16Z,True
f75f7e74-aaa2-4706-8acb-4c67a18f91c2,68db6572-b41c-403b-b136-dafa2816f8b1,14975.0,91d5209c-6130-4f86-b99b-f30fbd1ab78c,1aa15fdf-1773-4d86-9ad0-af20b9a48ed7,2025-08-09T02:34:55Z,2025-10-06T02:34:55Z,paid,2025-10-06T02:34:55Z,True
a83714f9-a5f6-4b3f-9f1f-cade9c9a0d83,462deb55-df5a-4d43-84b4-341f9e418cdb,5825.0,bd22e8ae-d0d1-41f3-ac28-93bed8bf98be,400aa9fb-c8b6-49d5-be2c-f10bc35f631e,2025-02-19T08:42:06Z,2025-05-01T08:42:06Z,defaulted,2025-05-01T08:42:06Z,True
483f4977-a6a8-4ada-9c94-d7f1fb02d2a3,a4c68ba8-172e-4bbe-8e2c-f47dc81e6c87,9875.0,95880150-7831-4219-b485-4f1caa6414cc,b47477a9-ce7f-418d-9684-bfae15ace07a,2025-05-13T21:48:04Z,2025-08-07T21:48:04Z,paid,2025-08-07T21:48:04Z,True
fc811605-69e8-43e7-b475-e7026a2c1ef8,aed6ee0e-d9da-431e-a9e4-8f9d9c09692c,10050.0,d32e8ce3-ed96-4081-a9b4-b8c7337eb466,f92c2add-e845-4ced-bed4-a7e599237386,2025-07-16T23:59:42Z,2025-10-03T23:59:42Z,paid,2025-10-03T23:59:42Z,True
f75f7e74-aaa2-4706-8acb-4c67a18f91c2,44bee315-b425-4abc-b658-8e6a38a9d01d,8250.0,c8d6b1ad-7871-41f5-ad3c-02aeac352dd0,66f7c359-f2cf-48c2-8da9-497d915a371b,2025-04-16T23:43:46Z,2025-06-22T23:43:46Z,paid,2025-06-22T23:43:46Z,True
f6153c36-23ba-4236-accc-113b1f544a2f,937faeed-e255-433c-be7d-352594065d84,4650.0,9f3a1ce6-9827-44e2-8913-f48b951a2fac,02dc289a-bd95-4bae-90d4-419163b9e267,2025-06-30T20:26:48Z,2025-09-19T20:26:48Z,paid,2025-09-19T20:26:48Z,True
3ac1ee31-ad55-4df0-9713-2c987766085d,7224e63f-c572-4c8d-8c45-673af36ed20a,5725.0,ef9d1c67-6a9c-4733-98f9-1090299dcbb2,6849842a-4795-450b-bad7-2a0635764d31,2025-06-24T21:55:04Z,2025-07-13T21:55:04Z,paid,2025-07-13T21:55:04Z,True
4f028227-0526-4a0d-97c9-409291da72b6,249ac20b-8d51-4853-8d99-2eaa4aa2bc76,8050.0,ad0264be-6c0f-41d6-82ac-8a7d82b60272,5b7c3a9b-2767-47ad-9130-fae92d829bf1,2025-09-05T21:09:53Z,2025-10-07T21:09:53Z,paid,2025-10-07T21:09:53Z,True
a4c68ba8-172e-4bbe-8e2c-f47dc81e6c87,3ac1ee31-ad55-4df0-9713-2c987766085d,8825.0,8ff90b4b-19c3-4c3d-ac75-7a6eed49093d,ccc307aa-0dc2-406a-87c7-66978c73fa20,2025-06-01T06:48:54Z,2025-08-25T06:48:54Z,defaulted,2025-08-25T06:48:54Z,True
9796d74c-7bd8-4872-90d4-8696315a2bbe,21268c48-f35e-4acf-b874-329dd63f3ff8,6375.0,d019bc23-f787-4b0c-9b42-10e9bda839c7,f5ea0836-967d-48a8-ab8d-8f1c454eaee3,2025-07-28T03:12:49Z,2025-08-07T03:12:49Z,paid,2025-08-07T03:12:49Z,True
760f0316-ea86-45b4-b7e3-2bacecbe3e7f,937faeed-e255-433c-be7d-352594065d84,5025.0,25d7c9c2-76b6-42ac-bb5b-fc08ff3a687a,95e3b86e-0fcb-4944-bcef-898728acee62,2025-07-05T08:30:26Z,2025-08-07T08:30:26Z,paid,2025-08-07T08:30:26Z,True
4b9cf912-3ffa-4f0e-9c1f-14469a06f90f,79ee6a10-1376-44cb-9806-5bbeac8834f8,5000.0,cc7524e4-057c-4dc0-a3a8-2623c6b22b33,c7e21b4b-1d81-4914-8b7b-17d599d8f64c,2025-02-27T22:46:04Z,2025-04-30T22:46:04Z,paid,2025-04-30T22:46:04Z,True
e2640d12-79a4-4c96-bf75-705bdb8016ce,96555ec9-bd53-44d0-963c-4e54c3c6d01e,7150.0,0e426f32-2f06-43d1-b732-507825f5e9d1,7d4158aa-acd9-4949-b58b-51bc59d99018,2025-09-13T10:09:41Z,2025-10-29T10:09:41Z,defaulted,2025-10-29T10:09:41Z,True
760fe2b1-0246-43ef-a1b2-8ac99bb84b87,31ce66d4-7c14-4fca-a2c6-00b94b772daa,13800.0,88e7e240-6702-4581-a707-167d28400006,6986eec0-3f5f-4e38-98c5-ce03ddafa916,2025-07-06T19:00:56Z,2025-09-07T19:00:56Z,paid,2025-09-07T19:00:56Z,True
4f028227-0526-4a0d-97c9-409291da72b6,19e9dd9b-ce00-4367-bd42-b29ed8958136,6325.0,f1399744-4d2e-4a57-b257-d222f0c16575,8f29888a-38ec-4e4e-a95e-516127c781c8,2025-06-22T20:32:51Z,2025-06-23T20:32:51Z,paid,2025-06-23T20:32:51Z,True
f6153c36-23ba-4236-accc-113b1f544a2f,0915b2ce-71e1-4e85-82f4-55b27998c507,8525.0,aa72b1ca-2715-4787-a4d0-994e933a17f7,2cc15ec8-a986-4209-b94a-69f9951d91ab,2025-04-01T13:37:14Z,2025-04-26T13:37:14Z,defaulted,2025-04-26T13:37:14Z,True
19e9dd9b-ce00-4367-bd42-b29ed8958136,81bba88e-47e5-4501-a359-48842a4f1ac4,12025.0,ef9a6007-1672-4efa-870c-79f001017eb9,0d849072-3a9f-4a07-a212-c4066c4cafbb,2025-05-01T18:04:58Z,2025-07-10T18:04:58Z,paid,2025-07-10T18:04:58Z,True
483f4977-a6a8-4ada-9c94-d7f1fb02d2a3,22e2b93d-122a-4469-9889-669eb07bf3b0,3175.0,edbadb21-6736-47cb-ae2d-703810c239cd,2fa41366-8070-4e22-8564-d34a4f8d5214,2025-08-01T13:11:40Z,2025-08-16T13:11:40Z,paid,2025-08-16T13:11:40Z,True
68db6572-b41c-403b-b136-dafa2816f8b1,da9b0dfc-d206-4799-aa98-5715e9ce6e00,5175.0,e6a83c13-e913-464f-97d1-315f60ede1b2,a3038ca3-39c3-449c-8502-04784f1d0072,2025-04-30T21:11:32Z,2025-07-19T21:11:32Z,paid,2025-07-19T21:11:32Z,True
5b1315c2-fa93-4303-8bd4-6f3158a25c1d,19e9dd9b-ce00-4367-bd42-b29ed8958136,1150.0,3d3c46b4-1c96-4f61-97a5-d1e3b2d23ffb,f925d350-b561-4b74-b680-44cc7db36659,2025-05-08T20:19:10Z,2025-06-04T20:19:10Z,paid,2025-06-04T20:19:10Z,True
93713bd7-5cf3-46eb-9b69-0acdcd8a77d0,17b1e6af-a1a7-48d7-867b-93d85df9306f,11250.0,c43308cb-261a-40b3-99ba-3f60162c905c,b36bbf8c-330a-400d-9010-83deecc89e95,2025-06-09T19:34:48Z,2025-06-17T19:34:48Z,paid,2025-06-17T19:34:48Z,True
a4c68ba8-172e-4bbe-8e2c-f47dc81e6c87,43842b64-67c4-4718-bbb0-52cef24adc80,1550.0,818d042b-db82-44bc-9002-5c1a7a119ba4,f058aa21-fd4a-4f74-8fa2-3d4ae0014101,2025-08-18T11:06:15Z,2025-10-04T11:06:15Z,paid,2025-10-04T11:06:15Z,True
e5208e3f-607b-4279-85ad-b1be172be152,4514452c-179b-451b-98d4-28104a53b99d,13675.0,80f39a6d-9d60-438a-bbaa-9d5249751726,a074473c-91a3-4053-9397-20bcdcbcefc5,2025-06-22T21:45:42Z,2025-07-04T21:45:42Z,paid,2025-07-04T21:45:42Z,True
2dddc612-5791-411a-acde-b7dba08f39e4,81bba88e-47e5-4501-a359-48842a4f1ac4,600.0,ce1c9163-1db5-4802-811b-111b6c09b561,ffd32296-5d35-4dc5-bf57-ec9504b44cc1,2025-03-12T18:26:58Z,2025-05-23T18:26:58Z,paid,2025-05-23T18:26:58Z,True
bcf21e0e-c443-4dc8-bc56-af357f0da59e,a30467be-83e1-4520-8f01-179b0ef8b07d,10400.0,46404eff-3d42-4b4e-bca1-5ed4348aec83,71332192-c3c0-4c1c-892c-cfb81aa175af,2025-08-06T08:58:30Z,2025-10-20T08:58:30Z,paid,2025-10-20T08:58:30Z,True
a79e08c6-0cd2-4967-98c1-1be002022995,710708aa-883e-468a-9ef9-160278fa3b58,2625.0,7ab01fe9-accd-45e2-9b13-f21bcb5b909b,57df66ca-fd5c-4125-9389-c0f2ca330322,2025-02-10T20:42:21Z,2025-04-09T20:42:21Z,defaulted,2025-04-09T20:42:21Z,True
a79e08c6-0cd2-4967-98c1-1be002022995,d921d1c4-3f36-4551-ae25-857fc19b14ea,8325.0,156a73cd-dc6a-433c-9c25-67954f86ad04,2ca4f5f8-f0a1-4e36-a730-76ef8a0260bc,2025-08-27T02:41:05Z,2025-11-05T02:41:05Z,paid,2025-11-05T02:41:05Z,True
dbc1efbb-ccdb-4d28-842a-afcbd0b06ea3,825146ee-84cd-48d6-a91e-6ad00548cabd,1750.0,a241e9bd-a641-4f48-a2dc-4e9efdad13a3,dd7292e7-0fda-4263-bb0c-c581197137de,2025-03-12T08:34:28Z,2025-06-02T08:34:28Z,paid,2025-06-02T08:34:28Z,True
a30467be-83e1-4520-8f01-179b0ef8b07d,7991a3ba-b8e4-4d34-bdc8-8ee291d49fb1,9075.0,fae94d11-a8be-423d-83fd-a67a5d3913a3,6046fa1f-4ae7-4058-8481-f3c1ef785ad8,2025-09-22T05:25:26Z,2025-11-16T05:25:26Z,paid,2025-11-16T05:25:26Z,True
4b9cf912-3ffa-4f0e-9c1f-14469a06f90f,4862e831-6bdc-44fe-b05d-7ee238cb0859,5225.0,81bab0ac-4011-4cd1-8724-f8df210c6f1e,f25e078e-feef-4e16-aa6d-ab06adc69bb0,2025-08-17T06:14:53Z,2025-08-31T06:14:53Z,paid,2025-08-31T06:14:53Z,True
dbc1efbb-ccdb-4d28-842a-afcbd0b06ea3,7b711f55-e687-47ac-9f46-2b4af987b265,5450.0,20d7e97c-4e88-4c8e-8700-6413f1524325,d8583e0c-a72e-40d4-9234-78be2bb39a24,2025-03-30T08:18:31Z,2025-05-23T08:18:31Z,paid,2025-05-23T08:18:31Z,True
96555ec9-bd53-44d0-963c-4e54c3c6d01e,710708aa-883e-468a-9ef9-160278fa3b58,11800.0,84f68ca8-469b-46aa-a8e8-7a9e73f32286,22ff84a4-1b84-400a-b2d3-04a100a59991,2025-04-24T07:18:44Z,2025-07-22T07:18:44Z,defaulted,2025-07-22T07:18:44Z,True
f6153c36-23ba-4236-accc-113b1f544a2f,d921d1c4-3f36-4551-ae25-857fc19b14ea,13675.0,c3b7b12d-fecf-4355-b38c-8fe4426461e0,15cb0d2e-81ca-4fe7-8d0b-5fedd79330f4,2025-04-08T09:42:31Z,2025-04-19T09:42:31Z,paid,2025-04-19T09:42:31Z,True
7b711f55-e687-47ac-9f46-2b4af987b265,db4434ee-b75b-4519-87e7-1308ff8a2dca,14175.0,03d364c8-3c0e-4753-b779-b790b1375e5e,4a6b384f-a9fe-4834-8be7-223087d91069,2025-01-31T06:16:54Z,2025-03-06T06:16:54Z,defaulted,2025-03-06T06:16:54Z,True
12a12273-b0ff-40bd-8aee-f529be9aa104,5229213c-00ad-4db0-bd02-2a3e5f1716bf,1275.0,3809af31-adb3-45ce-8edd-d44c90be66a2,89cf4310-d454-4915-9558-1d433e2bdb3c,2025-02-10T21:22:34Z,2025-03-09T21:22:34Z,paid,2025-03-09T21:22:34Z,True
a79e08c6-0cd2-4967-98c1-1be002022995,3ecb1724-3567-4a42-a5b1-a1d8882e1734,1075.0,006f707a-7721-44a8-b784-ff080240f29b,77a398e3-ed35-4ea0-afd5-edb27a646798,2025-05-01T01:24:25Z,2025-07-15T01:24:25Z,paid,2025-07-15T01:24:25Z,True
7b196e45-d1dd-463d-9855-3b7d4e995e87,825146ee-84cd-48d6-a91e-6ad00548cabd,8100.0,3369e919-e3ca-451d-86cb-4257281b8d98,279821a1-10b8-41c3-81ed-661305275b82,2025-09-25T06:02:41Z,2025-10-25T06:02:41Z,paid,2025-10-25T06:02:41Z,True
a80d8992-1159-49f4-a9aa-963849b69f37,f75f7e74-aaa2-4706-8acb-4c67a18f91c2,9350.0,bd128b56-f7e2-4aaf-90e7-0204dcd70a94,713839df-76da-4907-a12a-55a2c3d9a564,2025-09-05T16:59:32Z,2025-11-30T16:59:32Z,paid,2025-11-30T16:59:32Z,True
ebb06d4f-6225-4fbe-8750-30dbe5a3c14f,403e9807-8c28-4902-bb17-5dbf5b6606b1,13050.0,59f6fa73-ad8f-4ab5-9748-4deb22c2a36b,a762ae92-5b91-48fd-91b5-41e9b92120db,2025-02-17T22:24:31Z,2025-04-06T22:24:31Z,paid,2025-04-06T22:24:31Z,True
4862e831-6bdc-44fe-b05d-7ee238cb0859,e2640d12-79a4-4c96-bf75-705bdb8016ce,13300.0,d8287d3e-afd4-4935-8e95-99d92c62b19a,4da46763-52a2-49c9-82f1-5dc411bdc5be,2025-04-10T09:16:16Z,2025-06-01T09:16:16Z,paid,2025-06-01T09:16:16Z,True
4f028227-0526-4a0d-97c9-409291da72b6,be0d8b27-03ff-465d-82d5-c21e56edff05,1050.0,ecbb3ee8-327f-4e3d-9d9e-c56f4c44b60e,62d058a8-6f68-4a27-bde9-120838101bfc,2025-02-18T02:37:47Z,2025-02-20T02:37:47Z,defaulted,2025-02-20T02:37:47Z,True
4f028227-0526-4a0d-97c9-409291da72b6,ad2ad1f9-75bd-4a96-91b8-f0151a12847c,9925.0,d3fb9c9a-5d7b-46e5-9550-d36256943ee4,9a6773c2-d430-4d19-80c2-2f8cb9b05c82,2025-09-07T22:33:02Z,2025-11-22T22:33:02Z,paid,2025-11-22T22:33:02Z,True
da9b0dfc-d206-4799-aa98-5715e9ce6e00,5229213c-00ad-4db0-bd02-2a3e5f1716bf,11825.0,633be163-bfff-475a-b15a-3c3deb37de4e,487fa1a5-87bd-460e-816e-71fdaa7d8a0c,2025-02-21T13:39:52Z,2025-03-10T13:39:52Z,paid,2025-03-10T13:39:52Z,True
f6153c36-23ba-4236-accc-113b1f544a2f,be0d8b27-03ff-465d-82d5-c21e56edff05,6400.0,369ecb36-0444-41f4-8334-2967edafc595,43a0e620-9aea-4d98-b4eb-bbc55427c562,2025-05-26T12:02:30Z,2025-07-20T12:02:30Z,paid,2025-07-20T12:02:30Z,True
79ee6a10-1376-44cb-9806-5bbeac8834f8,7538ef33-3e45-40a3-ac76-3c3f2f55db1a,6500.0,f6dcbbe0-983b-49b6-a6d2-612bea5ccfe5,b78c0836-d2e8-42f9-8c15-ca80a668589e,2025-09-19T03:41:37Z,2025-12-10T03:41:37Z,paid,2025-12-10T03:41:37Z,True
4f028227-0526-4a0d-97c9-409291da72b6,ebb06d4f-6225-4fbe-8750-30dbe5a3c14f,8475.0,51cbccfd-a067-46c6-9fa6-fff47b98f80d,6a7d9495-c597-4395-a16f-f1d68d5036ac,2025-07-03T06:46:17Z,2025-09-22T06:46:17Z,paid,2025-09-22T06:46:17Z,True
72f44b8d-9cc8-47dc-976d-8c239153cd9b,a71f211c-05a9-496f-9675-cc7f7da85669,1950.0,e35b19fa-4487-454f-bc0a-ef97d36293c2,0858fa83-d56c-418d-9df3-8d0332da3e7f,2025-08-04T02:58:00Z,2025-09-13T02:58:00Z,defaulted,2025-09-13T02:58:00Z,True
4b9cf912-3ffa-4f0e-9c1f-14469a06f90f,81bba88e-47e5-4501-a359-48842a4f1ac4,2000.0,e2c0821e-6209-458b-90b2-92e168ecef06,2bc6dd2d-4e8e-4799-9fea-becc6af34bbb,2025-09-07T20:20:15Z,2025-12-01T20:20:15Z,defaulted,2025-12-01T20:20:15Z,True
37457547-f06d-4a7d-9d04-3a9d648f5604,bcf21e0e-c443-4dc8-bc56-af357f0da59e,2300.0,c780a4ef-b1ad-40f8-8b32-627930cba08c,6d493ddb-0365-4c9c-9f7c-cd08bb630732,2025-06-17T22:56:31Z,2025-08-04T22:56:31Z,paid,2025-08-04T22:56:31Z,True
c3996a22-fc6c-4379-b137-76d57f482136,be0d8b27-03ff-465d-82d5-c21e56edff05,950.0,d03a62cd-5ab8-4744-a426-ffd29a2392d4,2f4260c4-4f4e-4dc6-b22d-11e6ad54a1cc,2025-06-16T21:59:34Z,2025-06-19T21:59:34Z,paid,2025-06-19T21:59:34Z,True
c83d3fd0-03a0-4cd6-9b40-95e3a55b19e4,c3996a22-fc6c-4379-b137-76d57f482136,7175.0,1481aee8-f952-48e4-9f1c-0b0b7e6483ce,5a945496-5dd2-4f04-bd57-b1a2b472d5a0,2025-04-21T10:26:42Z,2025-06-26T10:26:42Z,defaulted,2025-06-26T10:26:42Z,True
9796d74c-7bd8-4872-90d4-8696315a2bbe,7468f069-9902-4a0c-a042-8237f59a95d6,13125.0,ac64f9b3-c0a9-43e6-8f77-b952de9003cd,2ae0e757-ad17-44a8-b53e-927f2fed13ab,2025-05-11T21:59:39Z,2025-07-08T21:59:39Z,paid,2025-07-08T21:59:39Z,True
d921d1c4-3f36-4551-ae25-857fc19b14ea,c3996a22-fc6c-4379-b137-76d57f482136,11125.0,35050758-c0c1-4796-bf6e-7fc354b9dc72,fcfa191d-c9ba-47aa-b3d4-dd56a659918d,2025-02-02T09:55:40Z,2025-03-12T09:55:40Z,paid,2025-03-12T09:55:40Z,True
825146ee-84cd-48d6-a91e-6ad00548cabd,22e2b93d-122a-4469-9889-669eb07bf3b0,14675.0,e30d429e-6f78-42fb-8d9d-f200446d49ed,6d2b694e-8790-41a7-afcd-b28832d37d69,2025-04-19T00:12:51Z,2025-05-15T00:12:51Z,defaulted,2025-05-15T00:12:51Z,True
3ac1ee31-ad55-4df0-9713-2c987766085d,09a64bb7-ad4c-4246-b3b5-0f6abcaa2ae5,2725.0,08c394b2-4325-42af-a2da-fee2d244f06e,7df9199b-0ce3-4648-ae98-eb3266d26bf3,2025-08-17T13:36:43Z,2025-10-30T13:36:43Z,paid,2025-10-30T13:36:43Z,True
9796d74c-7bd8-4872-90d4-8696315a2bbe,7224e63f-c572-4c8d-8c45-673af36ed20a,4900.0,bee16fc4-888b-412e-9355-f4adc4f41ccd,11d0bd7b-3d1c-42ea-9e63-1af9c09f7ddb,2025-04-02T18:30:16Z,2025-05-24T18:30:16Z,paid,2025-05-24T18:30:16Z,True
19e9dd9b-ce00-4367-bd42-b29ed8958136,eac87973-5d97-41a5-9cc7-2777c4a62d65,9500.0,d21ffe3c-4a2a-443f-a2f3-35ed55a13336,1dc90fe7-d85a-479f-967f-435ed6f0187d,2025-05-26T21:44:32Z,2025-07-15T21:44:32Z,paid,2025-07-15T21:44:32Z,True
a71f211c-05a9-496f-9675-cc7f7da85669,c3996a22-fc6c-4379-b137-76d57f482136,2575.0,e79907d6-0652-42ba-af5d-7890574a1a85,1974714a-6a5d-4bfb-886c-63190bb6a77d,2025-08-08T05:23:47Z,2025-08-16T05:23:47Z,paid,2025-08-16T05:23:47Z,True
7468f069-9902-4a0c-a042-8237f59a95d6,a80d8992-1159-49f4-a9aa-963849b69f37,1750.0,315811ba-4663-4db8-b413-9267a5f3a0d2,58f0e7be-aea8-4a61-af96-9f84c3dc3059,2025-06-03T00:56:17Z,2025-06-19T00:56:17Z,defaulted,2025-06-19T00:56:17Z,True
5b1315c2-fa93-4303-8bd4-6f3158a25c1d,710708aa-883e-468a-9ef9-160278fa3b58,10425.0,2c18332d-6bf3-4a83-a3b8-f64d1eb4403b,6d2e3791-4028-4db2-a41c-8393223ea6e7,2025-03-10T02:12:14Z,2025-05-11T02:12:14Z,paid,2025-05-11T02:12:14Z,True
7b711f55-e687-47ac-9f46-2b4af987b265,7224e63f-c572-4c8d-8c45-673af36ed20a,7900.0,386b234d-1731-489b-9ab8-12b5d6a5b0df,d58c872b-c0bd-42b0-a327-ec761d3fda76,2025-05-13T01:52:29Z,2025-07-02T01:52:29Z,paid,2025-07-02T01:52:29Z,True
81bba88e-47e5-4501-a359-48842a4f1ac4,17b1e6af-a1a7-48d7-867b-93d85df9306f,13450.0,afc3105d-ed19-4b94-8ba3-5ad9e50beab3,ad733a70-d923-496a-bbe4-8af05569dd8e,2025-07-03T02:51:18Z,2025-08-14T02:51:18Z,paid,2025-08-14T02:51:18Z,True
21268c48-f35e-4acf-b874-329dd63f3ff8,12a12273-b0ff-40bd-8aee-f529be9aa104,9600.0,62b50c8c-e7d3-4c15-8cdf-36c23a57f29c,724ccabe-1a28-48ec-8f29-9b9bd647ce47,2025-04-26T22:38:39Z,2025-07-08T22:38:39Z,paid,2025-07-08T22:38:39Z,True
aad5795d-18e8-475a-b975-bd390712e46d,760f0316-ea86-45b4-b7e3-2bacecbe3e7f,14475.0,4f1815f3-5654-47e3-ab89-e6f0bd6198bf,a94ac343-2272-4db2-a58b-16a200d05a87,2025-02-10T08:36:55Z,2025-05-10T08:36:55Z,paid,2025-05-10T08:36:55Z,True
12a12273-b0ff-40bd-8aee-f529be9aa104,a30467be-83e1-4520-8f01-179b0ef8b07d,6725.0,9ec29203-e6e0-4aaa-a788-86ccb6fbf30a,1b2a4ed7-13d4-46c4-8605-8187eedf45d4,2025-03-06T11:01:04Z,2025-04-26T11:01:04Z,defaulted,2025-04-26T11:01:04Z,True
7224e63f-c572-4c8d-8c45-673af36ed20a,ca2047eb-2ae5-4415-8521-f85fdb41c34d,10200.0,3264248a-3640-4548-8871-6c5d7a93c518,8dcd4618-ecf2-46d7-9a99-f94c749e144d,2025-02-20T15:12:15Z,2025-05-01T15:12:15Z,paid,2025-05-01T15:12:15Z,True
7224e63f-c572-4c8d-8c45-673af36ed20a,5b1315c2-fa93-4303-8bd4-6f3158a25c1d,14300.0,d6c1a544-4458-494a-a42b-7588eb46d857,d525ec2c-fc87-4a0a-9fb6-6a975354d62d,2025-09-14T22:55:15Z,2025-11-29T22:55:15Z,paid,2025-11-29T22:55:15Z,True
0ece2cab-64cf-4974-98f9-9e18023b5834,7468f069-9902-4a0c-a042-8237f59a95d6,9875.0,32b986f7-3f48-4153-b33e-ba176237882a,e37960a3-3795-41cc-a91a-e7d17f948196,2025-07-31T18:40:56Z,2025-08-13T18:40:56Z,paid,2025-08-13T18:40:56Z,True
9796d74c-7bd8-4872-90d4-8696315a2bbe,4514452c-179b-451b-98d4-28104a53b99d,8250.0,4d5cbfe8-5c36-4164-bbc9-ea7ed4e23237,90135bf7-53c9-4c54-88fc-66238c7e6a51,2025-08-08T15:59:30Z,2025-09-16T15:59:30Z,paid,2025-09-16T15:59:30Z,True
f6153c36-23ba-4236-accc-113b1f544a2f,4514452c-179b-451b-98d4-28104a53b99d,10325.0,855bcb99-5aba-4b51-8006-9e4a6fbb99b1,aa6528f6-99f8-4459-b478-a0d3211a3caf,2025-08-18T19:08:17Z,2025-08-25T19:08:17Z,paid,2025-08-25T19:08:17Z,True
15fa366e-3a7a-4db8-bd48-0c57bf11ea11,da9b0dfc-d206-4799-aa98-5715e9ce6e00,3650.0,545d1d66-2703-4c9f-ba5a-e67b1aa8ef64,a9c0f073-9123-4a4d-ac9c-0771362c8252,2025-04-29T14:25:09Z,2025-06-22T14:25:09Z,paid,2025-06-22T14:25:09Z,True
6bc54023-ff23-48a7-accc-a3bef5ee608b,6107c8a6-6a5a-4827-8a40-c1554452495f,11400.0,c0763dbf-b523-47d8-b953-c78e36cf751b,c92e3da4-21e4-4275-86e6-0842445fc949,2025-03-26T08:00:56Z,2025-05-13T08:00:56Z,paid,2025-05-13T08:00:56Z,True
7b711f55-e687-47ac-9f46-2b4af987b265,2ddf8f2b-1005-4e28-a66b-02aeecac319a,7175.0,56e0ce78-fdca-455d-a367-dc9899470b7a,de2155cc-1ff9-4a69-900d-034be45cdce8,2025-06-05T20:07:11Z,2025-07-11T20:07:11Z,paid,2025-07-11T20:07:11Z,True
249ac20b-8d51-4853-8d99-2eaa4aa2bc76,5b1315c2-fa93-4303-8bd4-6f3158a25c1d,6550.0,e9e5eca9-eca0-4753-a38e-0a311eec393b,69ba7ffa-0c7e-43a4-aec8-1c111f3b2cfd,2025-06-23T10:59:15Z,2025-08-22T10:59:15Z,paid,2025-08-22T10:59:15Z,True
68db6572-b41c-403b-b136-dafa2816f8b1,1a0f013b-840e-4cda-bce3-91a08c03301f,13075.0,a55629bc-4beb-4312-8707-a29ef0f38742,be4ca004-8b62-4315-9cf6-a02c3395a55e,2025-06-30T10:00:46Z,2025-07-11T10:00:46Z,paid,2025-07-11T10:00:46Z,True
7b85264d-71b0-486d-a3e8-fc38c3109d8f,760f0316-ea86-45b4-b7e3-2bacecbe3e7f,11900.0,025de477-152a-42a8-9941-a013547793b0,abe9e0ae-7bee-4703-825f-ac2a6c32892b,2025-03-18T06:18:32Z,2025-05-08T06:18:32Z,paid,2025-05-08T06:18:32Z,True
4b9cf912-3ffa-4f0e-9c1f-14469a06f90f,937faeed-e255-433c-be7d-352594065d84,13200.0,fcea77b8-c512-478b-b0f2-e1cb379a422c,efe998e3-c20e-4e7b-8b15-c7b672542714,2025-02-02T20:24:43Z,2025-02-24T20:24:43Z,paid,2025-02-24T20:24:43Z,True
15fa366e-3a7a-4db8-bd48-0c57bf11ea11,aad5795d-18e8-475a-b975-bd390712e46d,14575.0,9b911043-6b05-4b66-a4d5-ed1bedb812e5,f24f2c69-6666-499b-9639-28a2c909bdc0,2025-02-05T18:32:40Z,2025-03-29T18:32:40Z,defaulted,2025-03-29T18:32:40Z,True
0d700a4e-f567-4a2f-ba01-28aaea558e4c,17b1e6af-a1a7-48d7-867b-93d85df9306f,13550.0,199cc575-20c3-4697-9d01-84914bb55551,7407f746-1d33-4696-9119-8be736e31aff,2025-06-29T00:40:14Z,2025-07-15T00:40:14Z,paid,2025-07-15T00:40:14Z,True
e0f20929-466f-4042-bd3e-dcd5b2bd73d6,45e13564-6f94-4e32-a2f5-e27f65d836a3,10975.0,61bd5bcf-9bc8-4e2c-81f7-80dc777d653f,e71d4541-5baf-4b6d-8f5a-837beedf215e,2025-07-11T14:23:02Z,2025-10-04T14:23:02Z,paid,2025-10-04T14:23:02Z,True
7b85264d-71b0-486d-a3e8-fc38c3109d8f,79ee6a10-1376-44cb-9806-5bbeac8834f8,6400.0,6e65b043-d1fb-4bf0-88e1-2a4b70423264,cd543a14-9a87-4e22-964d-90ab059cdca7,2025-09-24T12:07:37Z,2025-11-17T12:07:37Z,paid,2025-11-17T12:07:37Z,True
09a64bb7-ad4c-4246-b3b5-0f6abcaa2ae5,c2a58ebc-9ac2-4e34-8163-ef2da52716fd,4300.0,e593bf47-3206-4784-a784-6799a4608e07,cf2906c2-2d60-4597-ac2d-5518c22ba5a5,2025-02-03T07:15:49Z,2025-03-03T07:15:49Z,paid,2025-03-03T07:15:49Z,True
19e9dd9b-ce00-4367-bd42-b29ed8958136,37457547-f06d-4a7d-9d04-3a9d648f5604,14325.0,2beb1325-b540-49c3-963f-75e6937a392d,189efc43-f9e2-44ed-9275-1ae70b2784d5,2025-04-01T16:14:07Z,2025-06-25T16:14:07Z,paid,2025-06-25T16:14:07Z,True
4862e831-6bdc-44fe-b05d-7ee238cb0859,45e13564-6f94-4e32-a2f5-e27f65d836a3,4475.0,d4125dec-e81c-48fd-9d3b-48763dcb1e7f,fcba80c3-d586-4a01-9ee6-57b3616bf711,2025-07-24T14:02:33Z,2025-10-14T14:02:33Z,defaulted,2025-10-14T14:02:33Z,True
7b196e45-d1dd-463d-9855-3b7d4e995e87,5b1315c2-fa93-4303-8bd4-6f3158a25c1d,4475.0,7b824dec-147f-4441-9692-682ba9b245a3,7d720b51-ec01-4668-ad71-0be46506c047,2025-06-24T20:43:58Z,2025-09-03T20:43:58Z,defaulted,2025-09-03T20:43:58Z,True
f75f7e74-aaa2-4706-8acb-4c67a18f91c2,79ee6a10-1376-44cb-9806-5bbeac8834f8,1775.0,a6e89764-3ec8-4d50-8d08-bbdd1f25dcbf,5c4d7a16-3c7c-4992-900b-37dc29225bee,2025-04-18T05:13:49Z,2025-05-05T05:13:49Z,paid,2025-05-05T05:13:49Z,True
22e2b93d-122a-4469-9889-669eb07bf3b0,37457547-f06d-4a7d-9d04-3a9d648f5604,9850.0,83dd9942-c6f4-4b03-98de-db17eb7a0a5d,0ff716e4-04b2-4bb3-9a1b-fe73cc815f06,2025-04-15T07:36:29Z,2025-06-28T07:36:29Z,defaulted,2025-06-28T07:36:29Z,True
68db6572-b41c-403b-b136-dafa2816f8b1,e2640d12-79a4-4c96-bf75-705bdb8016ce,5025.0,0f1b047e-23c7-4b8b-ae06-cdff806b275f,cdb0b280-be60-4d2f-82b5-6f941652004c,2025-05-19T17:52:59Z,2025-06-27T17:52:59Z,defaulted,2025-06-27T17:52:59Z,True
d00314ba-af2c-4e61-891f-3c7c3d72ac41,c9595f8a-1829-4c5b-8f26-21fbff6774e0,5800.0,ff421d37-5733-4674-8c76-1e52c87a66e9,73067af5-bef9-4c2d-8a3d-6b860113b2da,2025-04-30T08:38:17Z,2025-06-29T08:38:17Z,paid,2025-06-29T08:38:17Z,True
5229213c-00ad-4db0-bd02-2a3e5f1716bf,574d4fa0-388c-43b9-a9e8-73c4ab17047a,1675.0,380b889a-2fbc-4824-8397-4bfa8bcd4274,9831d4fb-59a3-4dd8-a3e5-ef7dbef6281f,2025-08-01T19:57:00Z,2025-08-08T19:57:00Z,paid,2025-08-08T19:57:00Z,True
93713bd7-5cf3-46eb-9b69-0acdcd8a77d0,97d4a6e8-9c8c-4572-afce-2279dc1e8c0d,14650.0,841f0241-9228-44ac-a283-bc638d7af79d,a2125c63-3cd7-4fad-8f70-1b31573ec0f3,2025-03-14T07:08:53Z,2025-05-13T07:08:53Z,paid,2025-05-13T07:08:53Z,True
a4c68ba8-172e-4bbe-8e2c-f47dc81e6c87,a71f211c-05a9-496f-9675-cc7f7da85669,10325.0,2e38e9c1-7dbf-4b8a-81a1-46d3d7678b80,34e18348-57b0-4546-99d2-966091b1ae27,2025-04-10T12:04:01Z,2025-06-21T12:04:01Z,paid,2025-06-21T12:04:01Z,True
7b196e45-d1dd-463d-9855-3b7d4e995e87,e5208e3f-607b-4279-85ad-b1be172be152,3875.0,bb1b5509-12fb-4bec-b7a3-3b74f9a04eae,8d97e360-6040-4150-91a7-7cccb00d2aee,2025-08-22T06:02:10Z,2025-10-23T06:02:10Z,paid,2025-10-23T06:02:10Z,True
d921d1c4-3f36-4551-ae25-857fc19b14ea,760f0316-ea86-45b4-b7e3-2bacecbe3e7f,4600.0,22a4c1a4-37b8-4091-9768-ee225e85cc6d,2ac70d41-8250-4609-a734-ba12c70ffeee,2025-03-27T09:50:12Z,2025-04-21T09:50:12Z,paid,2025-04-21T09:50:12Z,True
760f0316-ea86-45b4-b7e3-2bacecbe3e7f,710708aa-883e-468a-9ef9-160278fa3b58,7800.0,846292e2-2292-4c78-821e-82c1daf5a686,fe087361-7ba4-4a72-aba3-4462b67536a4,2025-04-02T20:56:49Z,2025-04-14T20:56:49Z,paid,2025-04-14T20:56:49Z,True
e6bce04b-ed9b-48c6-a8a6-d3e09710dd67,ab3eb988-55c5-435d-a340-3f22a5b9f040,5200.0,78be79eb-514a-427c-86bc-83927c847909,c4763c9e-34c0-46a0-a8c0-99a44ad8da53,2025-06-24T10:05:23Z,2025-07-01T10:05:23Z,paid,2025-07-01T10:05:23Z,True
93713bd7-5cf3-46eb-9b69-0acdcd8a77d0,760fe2b1-0246-43ef-a1b2-8ac99bb84b87,7450.0,2b67556d-0666-4b76-8c44-6581aa020289,656bc9b7-004f-4372-bc7f-5f36936b9139,2025-07-20T08:08:58Z,2025-09-13T08:08:58Z,paid,2025-09-13T08:08:58Z,True
483f4977-a6a8-4ada-9c94-d7f1fb02d2a3,21268c48-f35e-4acf-b874-329dd63f3ff8,12875.0,4eb78a89-fd3a-4201-9cf4-7caa0f9dacad,fa45cbdb-0bd4-45d7-bf91-9c76d4b3e240,2025-02-03T18:47:03Z,2025-02-09T18:47:03Z,paid,2025-02-09T18:47:03Z,True
72f44b8d-9cc8-47dc-976d-8c239153cd9b,825146ee-84cd-48d6-a91e-6ad00548cabd,9775.0,711656b1-238b-41b1-aadd-b6a2827ca916,1e086812-cdfa-4f5d-9625-8f0bbb200229,2025-05-07T16:42:17Z,2025-06-29T16:42:17Z,paid,2025-06-29T16:42:17Z,True
19e9dd9b-ce00-4367-bd42-b29ed8958136,1a0f013b-840e-4cda-bce3-91a08c03301f,5875.0,6d3b895b-4d1c-4b1c-a4e8-4964da1d101e,a97939c3-6cc9-4dd9-bd3c-d3e269910297,2025-02-26T15:59:28Z,2025-04-09T15:59:28Z,paid,2025-04-09T15:59:28Z,True
3b477496-77f1-4ee3-9f45-8ab6c647fd7c,7b85264d-71b0-486d-a3e8-fc38c3109d8f,2775.0,9e3ddabc-a873-4a5a-b400-ff8c48f22e17,051a84fe-146b-4da7-b852-d146b2e03c99,2025-08-07T12:52:18Z,2025-08-12T12:52:18Z,defaulted,2025-08-12T12:52:18Z,True
93713bd7-5cf3-46eb-9b69-0acdcd8a77d0,1a0f013b-840e-4cda-bce3-91a08c03301f,11475.0,ca91c139-08ba-4781-aa4d-574ae101d6d3,ba1a2139-01c0-4a75-aae0-13202b084ec2,2025-09-02T14:12:16Z,2025-09-09T14:12:16Z,paid,2025-09-09T14:12:16Z,True
d493758a-266b-4cde-a0fe-5a3b59ad8baa,a4c68ba8-172e-4bbe-8e2c-f47dc81e6c87,8300.0,98fde272-c718-4211-ac4d-a39f2ad12e2e,9dee0f0a-e51a-49fe-b030-710fbc45b28d,2025-05-01T05:04:42Z,2025-05-22T05:04:42Z,paid,2025-05-22T05:04:42Z,True
7b196e45-d1dd-463d-9855-3b7d4e995e87,249ac20b-8d51-4853-8d99-2eaa4aa2bc76,1950.0,36ba8069-e9f7-434d-bac0-249c5d8c8675,76d05191-a5df-4582-9956-6c863299bcd3,2025-09-11T05:09:06Z,2025-09-17T05:09:06Z,paid,2025-09-17T05:09:06Z,True
c9595f8a-1829-4c5b-8f26-21fbff6774e0,c83d3fd0-03a0-4cd6-9b40-95e3a55b19e4,13525.0,980e7020-a6fa-4c37-9643-38a23cb76977,8c176fea-69c2-4dd5-ae09-63f7f83b8e16,2025-05-19T13:15:52Z,2025-06-08T13:15:52Z,paid,2025-06-08T13:15:52Z,True
d00314ba-af2c-4e61-891f-3c7c3d72ac41,87afe2b7-1bcc-41f8-b20a-ad36b08df2ba,11000.0,1c5414aa-7326-425b-a563-27ba58aaf041,25dc31fb-e4b9-4fbf-9d05-a2c84ee2573e,2025-07-21T20:41:53Z,2025-09-18T20:41:53Z,paid,2025-09-18T20:41:53Z,True
4b0a2599-2343-4a9f-bb52-028f2447ea19,a71f211c-05a9-496f-9675-cc7f7da85669,3075.0,6b91f8d1-01d0-4166-8a14-9bdcea168269,acfc9c97-818a-4405-893d-d122852d23d4,2025-03-14T22:37:56Z,2025-03-28T22:37:56Z,paid,2025-03-28T22:37:56Z,True
d921d1c4-3f36-4551-ae25-857fc19b14ea,8806ab47-f705-40ba-b0f0-00c5df62cb1f,3375.0,0a775a8f-d24f-4dc1-8be0-1f27ca41c99e,891a131f-d40f-4a92-98e0-c9ffdc1fa6b1,2025-08-18T01:50:06Z,2025-09-14T01:50:06Z,defaulted,2025-09-14T01:50:06Z,True
c83d3fd0-03a0-4cd6-9b40-95e3a55b19e4,a71f211c-05a9-496f-9675-cc7f7da85669,8650.0,fd634215-e4ee-4cc7-97dd-977e439d0554,0ca19465-1b66-404e-9724-e47d86744315,2025-09-07T00:56:34Z,2025-10-28T00:56:34Z,defaulted,2025-10-28T00:56:34Z,True
6107c8a6-6a5a-4827-8a40-c1554452495f,4514452c-179b-451b-98d4-28104a53b99d,8075.0,2b88d596-8089-4c60-9ed1-6fd820b460b0,d6894884-cc35-42d2-9a3e-b1c85b1c95c9,2025-06-18T13:08:14Z,2025-08-20T13:08:14Z,paid,2025-08-20T13:08:14Z,True
9796d74c-7bd8-4872-90d4-8696315a2bbe,eac87973-5d97-41a5-9cc7-2777c4a62d65,8800.0,d45c9fcb-9289-483f-9c9e-0d3dbc67c967,217c2027-7d0c-44db-9165-90b17b1ab600,2025-05-03T07:20:14Z,2025-05-18T07:20:14Z,paid,2025-05-18T07:20:14Z,True
8806ab47-f705-40ba-b0f0-00c5df62cb1f,0ee6641c-f075-4fda-89e8-a1e278d2bcd8,12925.0,23b2ac50-7345-4830-8668-75365b9842cd,e8493afd-e846-4142-9e64-d135dcf85653,2025-04-11T11:11:46Z,2025-05-11T11:11:46Z,paid,2025-05-11T11:11:46Z,True
7b196e45-d1dd-463d-9855-3b7d4e995e87,7468f069-9902-4a0c-a042-8237f59a95d6,3850.0,9803485c-782e-404f-9bf7-592548a1fda1,688c04fe-e38b-410f-a032-c74758188c66,2025-06-23T13:17:52Z,2025-07-27T13:17:52Z,paid,2025-07-27T13:17:52Z,True
93713bd7-5cf3-46eb-9b69-0acdcd8a77d0,825146ee-84cd-48d6-a91e-6ad00548cabd,6750.0,5c3cb934-dd32-448c-bde9-7de7f42a27d8,c2e061ed-ef4f-4fd2-b3f4-e144ded380f9,2025-08-15T13:58:09Z,2025-10-19T13:58:09Z,paid,2025-10-19T13:58:09Z,True
ebb06d4f-6225-4fbe-8750-30dbe5a3c14f,28668320-a51b-41fc-86b5-9e1c119991b4,3425.0,a4c4752d-3c51-480f-82c0-d306bad8b210,a992023c-bee8-426e-ab6c-8e939a11809e,2025-08-10T21:41:23Z,2025-08-14T21:41:23Z,defaulted,2025-08-14T21:41:23Z,True
e0f20929-466f-4042-bd3e-dcd5b2bd73d6,7538ef33-3e45-40a3-ac76-3c3f2f55db1a,1725.0,ea0b966b-a92b-4397-a463-720496ab15e4,929e41b2-8f2f-4d95-85f1-080a53bff15c,2025-07-01T22:48:12Z,2025-07-10T22:48:12Z,paid,2025-07-10T22:48:12Z,True
6bc54023-ff23-48a7-accc-a3bef5ee608b,4514452c-179b-451b-98d4-28104a53b99d,4100.0,977d2478-f6e2-43f4-a23d-a454815f29db,7738f352-3402-4729-8515-1eb0e7f4138e,2025-07-21T16:31:02Z,2025-10-06T16:31:02Z,paid,2025-10-06T16:31:02Z,True
ca2047eb-2ae5-4415-8521-f85fdb41c34d,7991a3ba-b8e4-4d34-bdc8-8ee291d49fb1,13350.0,ec33afd6-8af1-4842-bbed-f4e54cd8f54c,f6b4981e-4698-4d96-809e-fc6b8787b015,2025-06-22T05:46:03Z,2025-08-31T05:46:03Z,paid,2025-08-31T05:46:03Z,True
a80d8992-1159-49f4-a9aa-963849b69f37,72f44b8d-9cc8-47dc-976d-8c239153cd9b,3700.0,146d2b52-daef-4a01-86bc-1eebfcc956a3,330de540-15c3-46a3-b3b8-95c0ef3ed075,2025-07-02T16:46:39Z,2025-07-19T16:46:39Z,paid,2025-07-19T16:46:39Z,True
aad5795d-18e8-475a-b975-bd390712e46d,ebb06d4f-6225-4fbe-8750-30dbe5a3c14f,5650.0,d3341dd5-4150-4ad9-a3c1-bb468c7726d0,42751a13-5ed6-44c8-b9ab-e4c253f395ee,2025-08-21T04:34:21Z,2025-09-22T04:34:21Z,paid,2025-09-22T04:34:21Z,True
8dd0984c-f1d0-41e1-8eca-76c8516a4eb2,aad5795d-18e8-475a-b975-bd390712e46d,14550.0,517ce1be-c88d-4712-ba72-b851fc2f8247,c5f5a8d3-dd05-4999-a9c9-c63ee89be7f2,2025-02-05T09:38:27Z,2025-05-04T09:38:27Z,paid,2025-05-04T09:38:27Z,True
735d398e-be7c-4e43-8b02-b6ef6454d8e7,09a64bb7-ad4c-4246-b3b5-0f6abcaa2ae5,4100.0,ef36f919-0a46-4fac-9b58-ff5b2735c61e,f9d9ebe2-5b81-4692-a1de-842b3c989064,2025-05-04T06:40:02Z,2025-06-15T06:40:02Z,paid,2025-06-15T06:40:02Z,True
dbc1efbb-ccdb-4d28-842a-afcbd0b06ea3,7224e63f-c572-4c8d-8c45-673af36ed20a,600.0,ada89a03-9ee5-4f16-a592-3b41c995bec9,cec3b87e-ebf7-4cfd-af9b-0c124f745cbd,2025-05-26T19:41:00Z,2025-07-06T19:41:00Z,paid,2025-07-06T19:41:00Z,True
a79e08c6-0cd2-4967-98c1-1be002022995,312bfbe3-ae22-4a69-8b82-39a8c4de8d75,1100.0,83c5f867-a656-419b-9a8e-1e275185b7fe,aa608079-d433-46ed-b1fe-e203b32142ac,2025-02-04T07:13:41Z,2025-02-21T07:13:41Z,paid,2025-02-21T07:13:41Z,True
72f44b8d-9cc8-47dc-976d-8c239153cd9b,9796d74c-7bd8-4872-90d4-8696315a2bbe,2300.0,ec174cbc-aef5-45df-a07b-35ebc368e934,fe448ce8-1858-47c5-8ed4-34a8f1ce2fbb,2025-06-20T23:24:34Z,2025-07-21T23:24:34Z,paid,2025-07-21T23:24:34Z,True
a30467be-83e1-4520-8f01-179b0ef8b07d,4862e831-6bdc-44fe-b05d-7ee238cb0859,10125.0,005368b2-aa31-4e17-8c32-ad3870485326,0eaffba5-f75e-42be-b130-8328cd9e4426,2025-03-06T21:03:23Z,2025-03-28T21:03:23Z,defaulted,2025-03-28T21:03:23Z,True
ad2ad1f9-75bd-4a96-91b8-f0151a12847c,15fa366e-3a7a-4db8-bd48-0c57bf11ea11,4700.0,dfe54e43-549c-4891-840a-2f96622be110,306d5fe4-f5d8-47e9-8f8c-35f42466dc3c,2025-07-05T00:32:04Z,2025-09-19T00:32:04Z,paid,2025-09-19T00:32:04Z,True
43842b64-67c4-4718-bbb0-52cef24adc80,6bc54023-ff23-48a7-accc-a3bef5ee608b,11925.0,6348582d-bf07-4b44-aaed-dbafdbf10291,7d963a62-9bab-4d2c-8e92-2c58b21a7758,2025-06-14T04:29:49Z,2025-07-22T04:29:49Z,defaulted,2025-07-22T04:29:49Z,True
68db6572-b41c-403b-b136-dafa2816f8b1,312bfbe3-ae22-4a69-8b82-39a8c4de8d75,1525.0,79ad96fb-627d-4a94-99a0-b37fb6f0ee81,882721b1-03ba-40c4-a019-f741a50e72a8,2025-06-06T23:00:50Z,2025-06-27T23:00:50Z,paid,2025-06-27T23:00:50Z,True
168a357a-1925-4b4f-b279-a1cf1c5b32d2,a4c68ba8-172e-4bbe-8e2c-f47dc81e6c87,10825.0,cc32ede2-b0be-4d8a-a4b3-19c9948c76a8,9ba07de2-f0f8-40a2-823e-f730737ce578,2025-07-15T15:40:33Z,2025-08-27T15:40:33Z,paid,2025-08-27T15:40:33Z,True
7b85264d-71b0-486d-a3e8-fc38c3109d8f,7468f069-9902-4a0c-a042-8237f59a95d6,13650.0,0262cc68-7eb0-453e-8ccb-c7d41c0806b4,d948c9dd-d390-4482-ba3c-ac3af84a7ba9,2025-06-26T07:49:48Z,2025-07-24T07:49:48Z,paid,2025-07-24T07:49:48Z,True
28668320-a51b-41fc-86b5-9e1c119991b4,fc811605-69e8-43e7-b475-e7026a2c1ef8,7525.0,cc9aebba-3796-4ee9-8478-72a18b48c642,a8f9cf5b-ad2b-4de2-b5c2-f8e64935e628,2025-05-16T09:21:17Z,2025-07-30T09:21:17Z,paid,2025-07-30T09:21:17Z,True
249ac20b-8d51-4853-8d99-2eaa4aa2bc76,be0d8b27-03ff-465d-82d5-c21e56edff05,6275.0,d52116e4-5d9e-47dc-a7b3-50184845badf,e55c7c82-afdb-46ab-bbdf-633636a22a6e,2025-08-26T18:56:09Z,2025-10-14T18:56:09Z,defaulted,2025-10-14T18:56:09Z,True
db4434ee-b75b-4519-87e7-1308ff8a2dca,4862e831-6bdc-44fe-b05d-7ee238cb0859,3000.0,1b74a762-887d-485f-8843-4ed933b175c0,5a833817-844d-4a4f-b6ae-e22c8360210e,2025-05-21T07:23:46Z,2025-08-01T07:23:46Z,paid,2025-08-01T07:23:46Z,True
f6153c36-23ba-4236-accc-113b1f544a2f,f75f7e74-aaa2-4706-8acb-4c67a18f91c2,14975.0,7f07f14d-54da-4c14-938d-0be908532e3a,7c015b46-6d25-45bc-a49b-2946d3568e18,2025-09-23T02:25:48Z,2025-11-08T02:25:48Z,paid,2025-11-08T02:25:48Z,True
eac87973-5d97-41a5-9cc7-2777c4a62d65,f75f7e74-aaa2-4706-8acb-4c67a18f91c2,13600.0,d4f1571c-7960-4a9f-88a5-9c5a7f28a14c,ab95a017-8a94-4861-81dc-af3c26878296,2025-06-03T21:16:26Z,2025-08-09T21:16:26Z,defaulted,2025-08-09T21:16:26Z,True
6bc54023-ff23-48a7-accc-a3bef5ee608b,15fa366e-3a7a-4db8-bd48-0c57bf11ea11,6575.0,404fafd6-3275-4b4b-b827-8b33110f4f8d,0aa25983-c0b2-4e3e-98b0-da36b765552c,2025-05-26T13:13:27Z,2025-06-18T13:13:27Z,paid,2025-06-18T13:13:27Z,True
15fa366e-3a7a-4db8-bd48-0c57bf11ea11,f75f7e74-aaa2-4706-8acb-4c67a18f91c2,1650.0,df1c1e3f-ab4d-4ed0-b47a-a55b7923b759,6d12ff6b-e6f3-460a-a36d-5db0b7c86af2,2025-06-23T11:36:55Z,2025-07-13T11:36:55Z,defaulted,2025-07-13T11:36:55Z,True
710708aa-883e-468a-9ef9-160278fa3b58,2dddc612-5791-411a-acde-b7dba08f39e4,2975.0,45284d2b-aede-442c-8f03-20ce1ad15da4,53ca4d39-26fe-4478-8fb4-b40b6266f9be,2025-07-11T16:47:48Z,2025-08-16T16:47:48Z,paid,2025-08-16T16:47:48Z,True
1a0f013b-840e-4cda-bce3-91a08c03301f,4862e831-6bdc-44fe-b05d-7ee238cb0859,6850.0,d9e73767-3824-4487-b857-83279993d7ff,dfcf5ca5-4b8a-4c49-b349-92682e16a054,2025-04-24T19:41:27Z,2025-06-20T19:41:27Z,paid,2025-06-20T19:41:27Z,True
0ee6641c-f075-4fda-89e8-a1e278d2bcd8,aad5795d-18e8-475a-b975-bd390712e46d,7075.0,2ee160c3-4e99-4bc8-b417-f13cc04d4a38,067a53ee-3158-4b48-b599-33d74f3680df,2025-07-26T08:44:29Z,2025-10-02T08:44:29Z,defaulted,2025-10-02T08:44:29Z,True
760fe2b1-0246-43ef-a1b2-8ac99bb84b87,6bc54023-ff23-48a7-accc-a3bef5ee608b,12600.0,6ccfce59-2524-4730-9e1b-fc71dccdffb3,c1dbfe9b-e174-4b5b-9fd5-bdcd2aa5442f,2025-09-10T12:53:14Z,2025-09-20T12:53:14Z,paid,2025-09-20T12:53:14Z,True
0ee6641c-f075-4fda-89e8-a1e278d2bcd8,ca2047eb-2ae5-4415-8521-f85fdb41c34d,5725.0,54de43be-aa24-4e7d-947b-43345762fee9,34901c22-83f7-449c-b1a1-77911b44228e,2025-09-04T04:34:48Z,2025-11-07T04:34:48Z,paid,2025-11-07T04:34:48Z,True
ebb06d4f-6225-4fbe-8750-30dbe5a3c14f,168a357a-1925-4b4f-b279-a1cf1c5b32d2,2125.0,f84d80a8-72f2-4abc-8f66-802d028ea47c,21f0711a-fc9f-48d5-91f6-a09a4c6eb5df,2025-08-21T09:43:12Z,2025-10-26T09:43:12Z,paid,2025-10-26T09:43:12Z,True
6107c8a6-6a5a-4827-8a40-c1554452495f,462deb55-df5a-4d43-84b4-341f9e418cdb,2475.0,8319b82e-5de7-4129-ae5f-93d159289ac5,b8df224e-24ff-408a-87a6-16eb478d630f,2025-07-12T15:44:11Z,2025-08-03T15:44:11Z,paid,2025-08-03T15:44:11Z,True
bcf21e0e-c443-4dc8-bc56-af357f0da59e,4514452c-179b-451b-98d4-28104a53b99d,12450.0,d415ce1a-9712-4627-b234-0ed6944f71eb,7b05ea19-603e-4f8c-8bbd-d02fa9110633,2025-06-24T22:54:40Z,2025-07-21T22:54:40Z,paid,2025-07-21T22:54:40Z,True
d921d1c4-3f36-4551-ae25-857fc19b14ea,4514452c-179b-451b-98d4-28104a53b99d,7525.0,7e29369f-b0aa-4dcb-8588-8619f3805140,1ec3e8ae-dfe1-48b4-a58f-90eacda4ab13,2025-04-11T08:58:28Z,2025-05-08T08:58:28Z,defaulted,2025-05-08T08:58:28Z,True
1a0f013b-840e-4cda-bce3-91a08c03301f,c9595f8a-1829-4c5b-8f26-21fbff6774e0,7475.0,6920d3f8-6c20-4a51-9efd-afe479c78ebe,28e92697-abd4-4a59-b4fe-f0949860bd93,2025-07-10T16:53:09Z,2025-07-27T16:53:09Z,defaulted,2025-07-27T16:53:09Z,True
7224e63f-c572-4c8d-8c45-673af36ed20a,17b1e6af-a1a7-48d7-867b-93d85df9306f,7000.0,1a8dfc23-191b-4c69-9dd3-3627cef7aa31,0526af4c-9a31-4b1f-a476-7c9b084a35d2,2025-07-08T00:33:39Z,2025-07-20T00:33:39Z,paid,2025-07-20T00:33:39Z,True
a4c68ba8-172e-4bbe-8e2c-f47dc81e6c87,aad5795d-18e8-475a-b975-bd390712e46d,11300.0,43937021-087e-472d-b6b8-855adec4de24,06042c49-25c1-4909-be42-5d92a77b6810,2025-03-16T19:15:49Z,2025-05-08T19:15:49Z,paid,2025-05-08T19:15:49Z,True
4f028227-0526-4a0d-97c9-409291da72b6,fc811605-69e8-43e7-b475-e7026a2c1ef8,8450.0,e75f328e-1fc7-4acf-aa18-01e372b7f085,c51cca8c-f769-4fff-a78c-c155ccfa5cb6,2025-05-06T02:36:15Z,2025-07-21T02:36:15Z,paid,2025-07-21T02:36:15Z,True
ebb06d4f-6225-4fbe-8750-30dbe5a3c14f,249ac20b-8d51-4853-8d99-2eaa4aa2bc76,9550.0,647bef99-1750-428c-8962-d9efb5ee345f,988c150e-34df-4143-b392-afd82b9a10a3,2025-08-27T12:17:08Z,2025-09-25T12:17:08Z,paid,2025-09-25T12:17:08Z,True
d00314ba-af2c-4e61-891f-3c7c3d72ac41,3b477496-77f1-4ee3-9f45-8ab6c647fd7c,12200.0,b03521d6-50d2-4046-a202-54724f0261ca,90f02710-180b-40a9-a51e-67e2bf447814,2025-02-02T11:57:06Z,2025-02-11T11:57:06Z,paid,2025-02-11T11:57:06Z,True
15fa366e-3a7a-4db8-bd48-0c57bf11ea11,44bee315-b425-4abc-b658-8e6a38a9d01d,13800.0,765fefd6-1ae7-4665-9678-d0a4bb918ac0,6c31ef29-adac-4f5b-ad59-8c5d4e74b16d,2025-08-17T18:28:06Z,2025-11-03T18:28:06Z,paid,2025-11-03T18:28:06Z,True
574d4fa0-388c-43b9-a9e8-73c4ab17047a,44bee315-b425-4abc-b658-8e6a38a9d01d,11275.0,d77b17f4-8c56-437d-8819-aa149182e126,cc116549-166f-4b7d-be6b-8cf95217da24,2025-07-10T12:25:31Z,2025-08-23T12:25:31Z,defaulted,2025-08-23T12:25:31Z,True
e5208e3f-607b-4279-85ad-b1be172be152,ab3eb988-55c5-435d-a340-3f22a5b9f040,6575.0,f51c652e-9764-4c16-b5ad-8a6cbe7f2fa6,4de2c953-de48-4df1-8354-7b5f954434d1,2025-09-02T14:48:03Z,2025-09-15T14:48:03Z,paid,2025-09-15T14:48:03Z,True
a30467be-83e1-4520-8f01-179b0ef8b07d,6bc54023-ff23-48a7-accc-a3bef5ee608b,1725.0,fb168779-bf21-4e5e-835f-535225ce9fe2,d4763a2c-361d-4459-bb2f-093e7d0b142c,2025-05-21T19:21:30Z,2025-08-09T19:21:30Z,paid,2025-08-09T19:21:30Z,True
2ddf8f2b-1005-4e28-a66b-02aeecac319a,e2640d12-79a4-4c96-bf75-705bdb8016ce,9300.0,5bb2d609-1f07-4766-9fe3-3778cc9922d5,dd97626b-cbb2-4cf0-a7db-b45541e94c35,2025-05-09T23:07:31Z,2025-05-22T23:07:31Z,paid,2025-05-22T23:07:31Z,True
97d4a6e8-9c8c-4572-afce-2279dc1e8c0d,0d700a4e-f567-4a2f-ba01-28aaea558e4c,7975.0,0c0aca11-a561-411a-a4f7-c73f0fff8fcd,e6fdb91b-0525-4b98-974e-fe8f769b1b23,2025-03-03T15:51:21Z,2025-05-17T15:51:21Z,paid,2025-05-17T15:51:21Z,True
6107c8a6-6a5a-4827-8a40-c1554452495f,1a0f013b-840e-4cda-bce3-91a08c03301f,6450.0,fc4df958-620e-47bf-88cf-83589a27fed6,ff3ab2ff-f389-465d-af48-2dfcca66429b,2025-05-28T11:21:37Z,2025-07-23T11:21:37Z,paid,2025-07-23T11:21:37Z,True
7b85264d-71b0-486d-a3e8-fc38c3109d8f,9796d74c-7bd8-4872-90d4-8696315a2bbe,2700.0,22012549-e65f-49b5-aaa6-d60ab4edd717,6557b33d-41db-433f-86b4-fe955c56fa98,2025-02-03T20:44:55Z,2025-04-15T20:44:55Z,paid,2025-04-15T20:44:55Z,True
